Expert ID,LabelQuestion,5th percentile,50th percentile,95th percentile
4,AEX1,567.5,575.5,585.25
4,AEX2,568.5,570.75,577.25
4,AEX3,568.25,572.75,574.55
4,AEX4,545.75,550.55,570.12
4,AEX5,550.75,560.55,577.66
4,AEX6,550.75,565.5,575.5
4,AEX7,550.75,562.44,570.5
4,AEX8,549.5,552.55,565.5
4,AEX9,549.5,555.5,560.25
4,AEX10,549.5,555.5,560.5
4,AEX11,530.75,545.25,550.45
4,AEX12,530.75,545,550.5
4,AEX13,510.5,530,540.75
4,AEX14,510.25,530.2,540.5
4,AEX15,515.55,535.23,540.75
4,AEX16,534.3,550.24,560.2
4,AEX17,540.6,560.5,562.5
4,AEX18,550.75,570.5,577.66
4,AEX19,560,577.4,580
4,AEX20,570.5,575.3,579.45
4,AEX21,590.4,610.3,614.5
4,AEX22,587.56,592.3,599.4
4,AEX23,595.5,607.65,610.23
4,AEX24,600,602.3,608
4,AEX25,590.25,595.45,603.34
4,AEX26,600.25,610.3,615.56
4,AEX27,595.87,597.8,601
4,AEX28,595.5,599.5,601.2
4,AEX29,590.4,593.4,600
4,AEX30,595.45,603.5,610.5
4,AEX31,595.5,597.67,603.5
4,AEX32,600,605,612
4,AEX33,600,606,610
4,AEX34,605,608,610
